Категория;Ссылка;Название;Участников;Описание
Общие чаты;@Nyachang_Vietnam;Чат Нячанг 🇻🇳 Вьетнам;62191;Главный чат по Нячангу
Общие чаты;@nhatrang55;НЯЧАНГ ЧАТ Вьетнам;22198;Общение взаимопомощь реклама
Общие чаты;@viet_live;Нячанг онлайн 🇻🇳;13140;Канал полезная информация
Общие чаты;@nhatrang_info;Нячанг Чат SEA Group;12020;Общий чат
Общие чаты;@vietnamnha;Нячанджелес Nha Trang;8080;Для постоянно проживающих
Общие чаты;@NhaTrangchat;НЯЧАНГ ЧАТ 🇻🇳 ВЬЕТНАМ;7482;Вопросы и ответы
Общие чаты;@nyachang_pro;Нячанг PRO;;Общение и взаимопомощь
Общие чаты;@nhatrang_bg;Чат Нячанг B-G;;Black Group медиахолдинг
Общие чаты;@Nha_Trang_1;Проще говоря Нячанг;;Сообщество
Общие чаты;@nyachang_chatz;НЯЧАНГ ЧАТ Вьетнам;;Туристы и жители
Общие чаты;@nyachang_chats;Нячанг Чат;;Общий чат
Общие чаты;@chat_nyachang;чат нячанг;;Общий чат
Общие чаты;@nha_trangs;Нячанг Чат Вьетнам;;Общий чат
Общие чаты;@Vietnam_Nyachang;Нячанг Чат Bazaar;;Bazaar сетка чатов
Общие чаты;@nhatrang_expats;Нячанг экспаты;3324;Для проживающих не туристов
Общие чаты;@NhaTranGHotline;Нячанг HOTLINE;;Афиша услуги объявления
Общие чаты;@nhatrang_mestnye;Чат Нячанг онлайн;;Чат канала viet_live
Жильё;@rent_nha_trang;Недвижимость Нячанг;12368;Аренда жилья SEA Group
Жильё;@rentnhatrang;Нячанг Жильё Квартиры;4244;Агентство VietDom
Жильё;@nhatrang_arenda_renting;Аренда с 2017;2460;Аренда недвижимости
Жильё;@nyachang_arenda;Длительная аренда;2065;Квартиры надолго
Жильё;@arenda_nhatrang;Аренда Нячанг;2517;Жильё от собственников
Жильё;@nhatrang_house;Апартаменты;;Из сети NhaTrangchat
Жильё;@Nhatranghomes;Недвижимость Нячанга;;Канал аренда
Жильё;@vietnam_rent;Чат по аренде Вьетнам;;Аренда жилья
Жильё;@Arenda_Nyachang_Zhilye;Аренда обмен трансфер;;Услуги
Жильё;@danang_nyachang;Вьетнам ЧАТ Аренда;;Аренда Дананг Нячанг
Транспорт;@nha_trang_rent;Прокат Нячанг;1343;Байки велосипеды снаряжение
Транспорт;@moto_nhatrang;Мотоклуб №1;;Мотоклуб
Транспорт;@motoclubvietnam;White Souls Нячанг;;Мотолюбители
Транспорт;@bike_nhatrang;Аренда байка;;Из сети NhaTrangchat
Транспорт;@TAXI_NHATRANG;Такси трансфер Вьетнам;;Такси
Транспорт;@Vietnam_Transfer;Трансфер Попутчики;;Трансферы
Транспорт;@gomuine;Трансфер Муй Не Нячанг;;Трансферы
Транспорт;@viet1moto;МОТОСЕРВИС Нячанг;;Канал ремонт байков
Еда;@edavietnam;Еда Нячанг;4672;Канал вкусные места
Еда;@food_nhatrang;Еда рестораны;;Чат о еде
Еда;@WokStreetVN;Wok Street;;Еда
Еда;@boxcourier;Доставка воды подарки;;Доставка
Финансы;@vietnam_obmen;Обмен валют и крипты;4006;Основной чат обмена
Финансы;@vncash;Обмен валют;;Основной канал обмена
Финансы;@nhatrang_currency_exchange;Обмен валют Нячанг;266;Обмен
Финансы;@vietexchange;Exchange Нячанг;1280;Обменник
Визы;@vietnam_viza;Чат по визам;;Визы
Визы;@Viza_Vietnam;Виза Вьетнам;;Визы
Визы;@evietvisa_chat;Объявления Нячанг Виза;;Визы
Визы;@poputchikinhatrang;Попутчики Нячанг Визаран;;Визаран
Медицина;@vietnam_medicina;Чат по медицине;;Медицина
Медицина;@doctor_viet;Медицина Вьетнам;;Основной медчат
Медицина;@viet_med;Аптечка Вьетнам;;Медицина
Работа;@vietnam_job;Работа;;Вакансии Вьетнам
Работа;@NyachangRabota;Нячанг Работа Услуги;;Доска объявлений
Работа;@Barakholka_NhaTrang;Барахолка Нячанга;;Продажа вещей
Работа;@baraholochk_a;Барахолка Нячанг;;Канал покупки продажи
Работа;@nyachang0;Нячанг Объявления Барахолка;;Объявления
Спорт;@nhatrang_sport;Спорт;;Спортивный чат
Спорт;@Nha_Trang_GO;Нячанг GO;;Канал походы водопады
Спорт;@Nha_Trang_GO_Chat;Чат Нячанг GO;;Чат активного отдыха
События;@nyachang_ru;Афиша;;Квиз йога настолки
События;@nhatrang_tusa_afisha;Афиша тусовок;;Афиша
События;@eventnhatrang;НЯЧАНГ Развлечения;;Канал мероприятия
События;@nhatrangpsyhology;Психология йога эзотерика;;Афиша досуг
Сообщества;@beauty_nhatrang;Женский чат;;Из сети NhaTrangchat
Сообщества;@russian_women_vietnam;Русские девушки во Вьетнаме;;Чат
Сообщества;@vietnam_deti;Дети;;Чат по детям
Сообщества;@vietnam_pets;Животные;;Владельцы животных
Попутчики;@vietnam_poputchiki;Попутчики посылки;;Все города
Попутчики;@puteshestviyaNaTrang;Попутчики Нячанга;;Попутчики
Боты;@nhatrang_afisha_bot;Бот афиши Нячанга;;Мероприятия
Боты;@nhatrangfoodbot;Доставка еды;;Еда
Боты;@amelie_excange_bot;Amelie Exchange;;Обмен валют
